,<CLOSE>,indicator,Общая стоимость портфеля
2011-12-09,87.09,0.0,5000.0
2012-03-20,121.0,100.0,5000.0
2012-03-21,169.4,24.305555555555554,5000.0
2012-03-22,101.64,34.357894736842105,5000.0
2012-03-23,98.9,7.5,5000.0
2012-03-26,59.34,17.77863379558295,5000.0
2012-03-27,51.0,7.405329593267883,5000.0
2012-03-28,51.9,6.666666666666666,5000.0
2012-03-29,43.0,6.666666666666666,5000.0
2012-03-30,35.5,25.142857142857146,5000.0
2012-04-02,46.39,9.03409090909091,5000.0
2012-04-03,53.3,8.653846153846152,5000.0
2012-04-04,44.71,6.363636363636362,5000.0
2012-04-05,42.0,8.181818181818182,5000.0
2012-04-06,40.41,4.583333333333333,5000.0
2012-04-09,36.62,5.0,5000.0
2012-04-10,36.99,5.7142857142857135,5000.0
2012-04-11,41.6,14.375,5000.0
2012-04-12,39.64,0.0,5000.0
2012-04-13,40.69,0.0,5000.0
2012-04-16,38.0,0.0,5000.0
2012-04-17,36.99,50.0,5000.0
2012-04-18,35.33,0.0,5000.0
2012-04-19,33.0,0.0,5000.0
2012-04-20,32.0,23.333333333333336,5000.0
2012-04-23,30.59,0.0,5000.0
2012-04-24,31.11,0.0,5000.0
2012-04-25,35.0,0.0,5000.0
2012-04-26,34.99,0.0,5000.0
2012-04-27,31.0,50.0,5000.0
2012-04-28,31.0,6.666666666666666,5000.0
2012-05-02,27.99,12.0,5000.0
2012-05-03,29.8,0.0,5000.0
2012-05-04,20.02,70.37037037037038,5000.0
2012-05-05,22.0,8.666666666666668,5000.0
2012-05-07,23.69,10.588235294117649,5000.0
2012-05-08,22.98,10.0,5000.0
2012-05-10,23.68,30.90909090909091,5000.0
2012-05-11,24.0,8.888888888888891,5000.0
2012-05-12,22.5,0.0,5000.0
2012-05-14,31.5,70.11494252873564,5000.0
2012-05-15,36.51,8.214285714285714,5000.0
2012-05-16,36.54,6.153846153846153,5000.0
2012-05-17,31.5,3.333333333333333,5000.0
2012-05-18,27.06,3.333333333333333,5000.0
2012-05-21,28.5,15.0,5000.0
2012-05-22,37.99,11.333333333333332,5000.0
2012-05-23,31.28,6.666666666666666,5000.0
2012-05-24,29.96,0.0,5000.0
2012-05-25,28.17,10.0,5000.0
2012-05-28,29.98,0.0,5000.0
2012-05-29,30.0,0.0,5000.0
2012-05-30,29.36,0.0,5000.0
2012-05-31,28.99,66.66666666666666,5000.0
2012-06-01,28.77,10.0,5000.0
2012-06-04,28.74,0.0,5000.0
2012-06-05,28.79,0.0,5000.0
2012-06-06,28.44,0.0,5000.0
2012-06-07,27.27,33.33333333333333,5000.0
2012-06-08,26.98,16.666666666666668,5000.0
2012-06-09,28.0,0.0,5000.0
2012-06-13,27.81,75.0,5000.0
2012-06-14,30.29,8.75,5000.0
2012-06-15,28.86,23.410714285714285,5000.0
2012-06-18,29.0,10.0,5000.0
2012-06-19,27.55,10.0,5000.0
2012-06-20,25.74,10.666666666666666,5000.0
2012-06-21,26.62,6.666666666666666,5000.0
2012-06-22,24.06,10.0,5000.0
2012-06-25,25.55,0.0,5000.0
2012-06-26,25.52,0.0,5000.0
2012-06-27,25.5,0.0,5000.0
2012-06-28,25.1,54.54545454545454,5000.0
2012-06-29,26.4,0.0,5000.0
2012-07-02,25.93,13.333333333333332,5000.0
2012-07-03,25.74,0.0,5000.0
2012-07-04,26.6,0.0,5000.0
2012-07-05,25.99,100.0,5000.0
2012-07-06,25.29,13.333333333333332,5000.0
2012-07-09,24.98,0.0,5000.0
2012-07-10,24.49,0.0,5000.0
2012-07-11,25.0,0.0,5000.0
2012-07-12,25.6,0.0,5000.0
2012-07-13,25.59,0.0,5000.0
2012-07-16,24.98,0.0,5000.0
2012-07-17,25.5,0.0,5000.0
2012-07-18,24.99,0.0,5000.0
2012-07-19,23.5,0.0,5000.0
2012-07-20,23.5,0.0,5000.0
2012-07-23,23.91,0.0,5000.0
2012-07-24,23.84,75.0,5000.0
2012-07-25,24.26,8.333333333333334,5000.0
2012-07-26,22.1,0.0,5000.0
2012-07-27,21.3,100.0,5000.0
2012-07-30,19.56,77.77777777777777,5000.0
2012-07-31,28.67,10.735930735930737,5000.0
2012-08-01,34.0,3.333333333333333,5000.0
2012-08-02,33.0,0.0,5000.0
2012-08-03,33.99,0.0,5000.0
2012-08-06,33.98,0.0,5000.0
2012-08-07,33.98,0.0,5000.0
2012-08-08,33.95,0.0,5000.0
2012-08-09,32.01,0.0,5000.0
2012-08-10,32.9,0.0,5000.0
2012-08-13,32.74,0.0,5000.0
2012-08-14,32.64,0.0,5000.0
2012-08-16,32.77,0.0,5000.0
2012-08-17,31.99,0.0,5000.0
2012-08-20,29.0,0.0,5000.0
2012-08-21,28.76,0.0,5000.0
2012-08-22,28.64,0.0,5000.0
2012-08-23,26.06,0.0,5000.0
2012-08-24,31.69,0.0,5000.0
2012-08-27,31.17,0.0,5000.0
2012-08-28,24.25,0.0,5000.0
2012-08-29,24.0,0.0,5000.0
2012-08-30,24.99,0.0,5000.0
2012-08-31,24.99,0.0,5000.0
2012-09-03,25.13,0.0,5000.0
2012-09-04,25.0,0.0,5000.0
2012-09-06,22.81,0.0,5000.0
2012-09-07,27.49,0.0,5000.0
2012-09-10,26.49,0.0,5000.0
2012-09-11,27.66,0.0,5000.0
2012-09-12,26.17,0.0,5000.0
2012-09-13,25.0,0.0,5000.0
2012-09-14,29.6,0.0,5000.0
2012-09-17,27.29,100.0,5000.0
2012-09-18,28.9,10.0,5161.0
2012-09-19,27.99,0.0,5070.0
2012-09-20,26.01,0.0,4872.0
2012-09-21,26.22,0.0,4893.0
2012-09-24,27.25,0.0,4996.0
2012-09-25,25.84,0.0,4855.0
2012-09-26,25.49,0.0,4820.0
2012-09-27,25.49,0.0,4820.0
2012-09-28,26.17,0.0,4888.0
2012-10-01,25.19,100.0,4790.0
2012-10-03,24.79,0.0,4750.0
2012-10-04,24.59,0.0,4730.0
2012-10-05,25.0,0.0,4771.0
2012-10-08,26.19,0.0,4890.0
2012-10-09,24.97,0.0,4768.0
2012-10-10,24.19,0.0,4690.0
2012-10-11,23.44,0.0,4615.0
2012-10-15,24.49,0.0,4720.0
2012-10-16,23.97,0.0,4668.0
2012-10-17,23.1,0.0,4581.0
2012-10-18,23.0,0.0,4571.0
2012-10-19,23.48,0.0,4619.0
2012-10-22,22.93,100.0,4564.0
2012-10-23,23.4,0.0,4611.0
2012-10-24,22.05,0.0,4476.0
2012-10-25,22.9,0.0,4561.0
2012-10-26,22.0,0.0,4471.0
2012-10-29,22.0,0.0,4471.0
2012-10-30,22.02,0.0,4473.0
2012-10-31,23.47,0.0,4618.0
2012-11-01,23.0,0.0,4571.0
2012-11-02,24.48,0.0,4719.0
2012-11-07,26.61,0.0,4932.0
2012-11-09,26.33,0.0,4904.0
2012-11-12,24.82,0.0,4753.0
2012-11-13,23.2,0.0,4591.0
2012-11-14,23.0,0.0,4571.0
2012-11-15,23.0,10.0,4571.0
2012-11-16,24.0,0.0,4671.0
2012-11-19,24.58,0.0,4729.0
2012-11-21,24.09,0.0,4680.0
2012-11-22,23.01,0.0,4572.0
2012-11-23,23.08,0.0,4579.0
2012-11-26,23.03,0.0,4574.0
2012-11-27,24.06,0.0,4677.0
2012-11-28,24.06,0.0,4677.0
2012-11-29,23.96,0.0,4667.0
2012-11-30,22.0,100.0,4471.0
2012-12-03,22.0,0.0,4471.0
2012-12-04,23.56,0.0,4783.0
2012-12-05,22.05,0.0,4481.0
2012-12-07,22.4,0.0,4551.0
2012-12-11,22.2,0.0,4511.0
2012-12-12,22.0,0.0,4471.0
2012-12-13,22.43,0.0,4557.0
2012-12-17,25.0,75.0,5071.0
2012-12-18,25.0,0.0,5071.0
2012-12-19,25.45,10.0,5161.0
2012-12-20,23.98,10.0,4867.0
2012-12-21,23.28,0.0,4727.0
2012-12-24,23.7,100.0,4811.0
2012-12-25,23.22,0.0,4715.0
2012-12-26,22.5,0.0,4571.0
2012-12-27,24.52,0.0,4975.0
2012-12-28,24.0,0.0,4871.0
2013-01-08,23.25,0.0,4721.0
2013-01-09,23.4,0.0,4751.0
2013-01-10,23.43,0.0,4757.0
2013-01-11,24.01,0.0,4873.0
2013-01-14,23.97,100.0,4865.0
2013-01-15,23.14,0.0,4699.0
2013-01-16,23.03,0.0,4677.0
2013-01-17,22.99,10.0,4669.0
2013-01-21,22.95,0.0,4661.0
2013-01-22,23.11,0.0,4693.0
2013-01-23,22.54,0.0,4579.0
2013-01-24,22.9,0.0,4651.0
2013-01-25,22.96,0.0,4663.0
2013-01-28,23.13,0.0,4697.0
2013-01-29,22.99,0.0,4669.0
2013-01-30,22.95,0.0,4661.0
2013-01-31,22.89,0.0,4649.0
2013-02-01,22.55,0.0,4581.0
2013-02-04,22.99,0.0,4669.0
2013-02-05,24.0,100.0,4871.0
2013-02-06,23.17,0.0,4705.0
2013-02-07,22.05,0.0,4481.0
2013-02-08,21.81,0.0,4433.0
2013-02-11,21.61,0.0,4393.0
2013-02-12,21.38,0.0,4347.0
2013-02-13,22.02,0.0,4475.0
2013-02-14,21.16,0.0,4303.0
2013-02-15,21.9,0.0,4451.0
2013-02-18,21.36,0.0,4343.0
2013-02-19,21.77,0.0,4425.0
2013-02-20,23.0,0.0,4671.0
2013-02-21,22.7,0.0,4611.0
2013-02-22,21.37,0.0,4345.0
2013-02-25,22.18,0.0,4507.0
2013-02-26,22.61,100.0,4593.0
2013-02-27,21.76,0.0,4423.0
2013-02-28,22.18,0.0,4507.0
2013-03-01,21.7,0.0,4411.0
2013-03-04,22.47,0.0,4565.0
2013-03-05,21.41,0.0,4353.0
2013-03-06,20.51,0.0,4173.0
2013-03-07,20.8,0.0,4231.0
2013-03-11,21.2,0.0,4311.0
2013-03-12,20.71,0.0,4213.0
2013-03-13,21.18,0.0,4307.0
2013-03-14,20.77,0.0,4225.0
2013-03-15,20.91,0.0,4253.0
2013-03-18,20.76,0.0,4223.0
2013-03-19,21.0,0.0,4271.0
2013-03-20,20.72,0.0,4215.0
2013-03-21,20.7,0.0,4211.0
2013-03-22,19.36,0.0,3943.0
2013-03-25,19.07,0.0,3885.0
2013-03-26,20.63,100.0,4197.0
2013-04-01,18.52,15.0,3775.0
2013-04-02,18.51,0.0,3773.0000000000005
2013-04-04,21.69,0.0,4409.0
2013-04-11,21.4,100.0,4351.0
2013-04-12,20.0,0.0,4071.0
2013-04-15,18.89,0.0,3849.0
2013-04-18,18.5,0.0,3771.0
2013-04-19,18.5,0.0,3771.0
2013-04-23,20.6,0.0,4191.0
2013-04-25,20.99,0.0,4269.0
2013-04-26,20.29,0.0,4129.0
2013-04-29,16.53,100.0,3377.0
2013-04-30,18.76,0.0,3823.0000000000005
2013-05-02,16.01,0.0,3273.0000000000005
2013-05-03,15.64,100.0,3199.0
2013-05-07,17.99,20.0,3668.9999999999995
2013-05-08,19.8,0.0,4031.0
2013-05-13,19.0,0.0,3871.0
2013-05-14,17.54,0.0,3579.0
2013-05-15,17.81,0.0,3632.9999999999995
2013-05-16,17.39,0.0,3549.0
2013-05-31,17.0,0.0,3471.0
2013-06-03,16.0,100.0,3271.0
2013-06-04,17.0,0.0,3471.0
2013-06-05,19.77,0.0,4025.0
2013-06-07,17.5,0.0,3571.0
2013-06-10,17.99,0.0,3668.9999999999995
2013-06-11,18.0,0.0,3671.0
2013-06-13,19.0,0.0,3871.0
2013-06-17,15.5,0.0,3171.0
2013-06-18,15.0,0.0,3071.0
2013-06-21,15.5,0.0,3171.0
2013-06-24,15.5,0.0,3171.0
2013-06-26,17.0,0.0,3471.0
2013-06-27,13.05,0.0,2681.0
2013-06-28,15.0,0.0,3071.0
2013-07-01,14.02,0.0,2875.0
2013-07-03,16.0,0.0,3271.0
2013-07-04,15.3,0.0,3131.0
2013-07-05,15.59,0.0,3189.0
2013-07-09,15.0,0.0,3071.0
2013-07-11,14.5,0.0,2971.0
2013-07-12,14.67,0.0,3005.0
2013-07-15,16.0,0.0,3271.0
2013-07-16,16.0,0.0,3271.0
2013-07-17,16.0,0.0,3271.0
2013-07-18,16.0,0.0,3271.0
2013-07-19,15.0,0.0,3071.0
2013-07-24,13.14,0.0,2699.0
2013-07-26,15.0,0.0,3071.0
2013-07-30,14.94,0.0,3059.0
2013-08-01,13.59,100.0,2789.0
2013-08-02,14.75,0.0,3021.0
2013-08-07,14.22,0.0,2915.0
2013-08-09,13.9,0.0,2851.0
2013-08-13,15.09,0.0,3089.0
2013-08-14,15.0,0.0,3071.0
2013-08-15,13.56,0.0,2783.0
2013-08-16,14.0,0.0,2871.0
2013-08-21,14.3,0.0,2931.0
2013-08-22,14.98,0.0,3067.0
2013-08-23,15.27,0.0,3125.0
2013-08-27,15.21,0.0,3113.0
2013-08-28,15.2,0.0,3111.0
2013-08-29,15.2,0.0,3111.0
2013-08-30,15.0,0.0,3071.0
2013-09-02,11.6,0.0,2391.0
2013-09-03,16.48,0.0,3367.0
2013-09-17,16.49,0.0,3368.9999999999995
2013-09-18,16.5,0.0,3371.0
2013-09-19,16.0,0.0,3271.0
2013-09-24,16.5,0.0,3371.0
2013-09-27,12.5,0.0,2571.0
2013-09-30,12.5,0.0,2571.0
2013-10-01,13.23,0.0,2717.0
2013-10-02,14.5,0.0,2971.0
2013-10-03,13.22,0.0,2715.0
2013-10-07,14.3,0.0,2931.0
2013-10-08,13.87,0.0,2845.0
2013-10-10,14.29,0.0,2929.0
2013-10-11,13.38,0.0,2747.0
2013-10-14,13.3,0.0,2731.0
2013-10-15,14.29,0.0,2929.0
2013-10-16,14.23,0.0,2917.0
2013-10-17,14.59,0.0,2989.0
2013-10-18,13.0,0.0,2671.0
2013-10-21,12.56,0.0,2583.0
2013-10-22,12.35,0.0,2541.0
2013-10-23,13.35,0.0,2741.0
2013-10-29,10.07,0.0,2085.0
2013-10-30,12.0,0.0,2471.0
2013-11-05,12.29,0.0,2529.0
2013-11-06,12.1,0.0,2491.0
2013-11-13,11.7,0.0,2411.0
2013-11-14,10.07,0.0,2085.0
2013-11-15,10.99,0.0,2269.0
2013-11-19,11.5,0.0,2371.0
2013-11-20,10.0,0.0,2071.0
2013-11-26,10.18,0.0,2107.0
2013-11-27,10.5,0.0,2171.0
2013-11-28,10.0,0.0,2071.0
2013-11-29,10.0,0.0,2071.0
2013-12-02,9.5,0.0,1971.0
2013-12-05,9.5,0.0,1971.0
2013-12-06,10.0,0.0,2071.0
2013-12-09,10.0,0.0,2071.0
2013-12-13,10.99,0.0,2269.0
2013-12-16,11.02,0.0,2275.0
2013-12-17,11.3,0.0,2331.0
2013-12-18,10.3,0.0,2131.0
2013-12-19,10.5,0.0,2171.0
2013-12-20,10.77,0.0,2225.0
2013-12-23,9.95,0.0,2061.0
2013-12-26,13.79,0.0,2829.0
2013-12-27,13.6,0.0,2791.0
2013-12-30,13.46,0.0,2763.0
2014-01-06,11.56,0.0,2383.0
2014-01-08,14.0,0.0,2871.0
2014-01-09,14.75,0.0,3021.0
2014-01-10,13.01,0.0,2673.0
2014-01-14,15.5,0.0,3171.0
2014-01-16,15.5,0.0,3171.0
2014-01-17,13.51,0.0,2773.0
2014-01-20,15.97,0.0,3265.0
2014-01-22,14.0,0.0,2871.0
2014-01-24,16.05,0.0,3281.0
2014-01-30,11.73,0.0,2417.0
2014-01-31,11.77,0.0,2425.0
2014-02-03,11.73,0.0,2417.0
2014-02-04,12.29,0.0,2529.0
2014-02-05,11.79,0.0,2429.0
2014-02-07,11.45,0.0,2361.0
2014-02-12,11.45,0.0,2361.0
2014-02-14,11.29,0.0,2329.0
2014-02-18,11.35,0.0,2341.0
2014-02-20,11.35,0.0,2341.0
2014-02-21,15.88,84.61538461538461,3247.0
2014-02-24,22.22,9.615384615384617,4515.0
2014-02-25,24.88,10.0,4781.0
2014-02-26,32.97,32.857142857142854,4781.0
2014-02-27,35.85,6.666666666666666,4781.0
2014-02-28,30.9,10.0,4781.0
2014-03-03,31.4,28.63636363636364,4781.0
2014-03-04,24.0,0.0,4781.0
2014-03-05,23.75,10.0,4781.0
2014-03-06,23.94,0.0,4781.0
2014-03-07,24.09,100.0,4781.0
2014-03-11,24.59,0.0,4831.0
2014-03-12,24.6,0.0,4831.0
2014-03-13,24.63,0.0,4831.0
2014-03-14,16.4,0.0,4831.0
2014-03-17,16.08,0.0,4831.0
2014-03-18,16.26,0.0,4831.0
2014-03-19,14.8,0.0,4831.0
2014-03-20,16.1,0.0,4831.0
2014-03-21,21.23,0.0,4831.0
2014-03-24,23.0,0.0,4831.0
2014-03-25,20.11,0.0,4831.0
2014-03-26,20.9,0.0,4831.0
2014-03-27,20.67,0.0,4831.0
2014-03-28,21.41,0.0,4831.0
2014-03-31,21.2,0.0,4831.0
2014-04-01,21.24,0.0,4831.0
2014-04-02,21.42,0.0,4831.0
2014-04-03,21.0,0.0,4831.0
2014-04-04,21.1,0.0,4831.0
2014-04-07,19.4,0.0,4831.0
2014-04-08,19.2,0.0,4831.0
2014-04-09,20.0,0.0,4831.0
2014-04-10,19.22,0.0,4831.0
2014-04-11,18.42,0.0,4831.0
2014-04-14,18.5,0.0,4831.0
2014-04-15,19.3,0.0,4831.0
2014-04-16,19.3,100.0,4831.0
2014-04-17,19.5,0.0,4851.0
2014-04-18,19.6,0.0,4851.0
2014-04-21,20.01,100.0,4851.0
2014-04-22,20.0,0.0,4850.0
2014-04-23,20.29,100.0,4850.0
2014-04-24,20.49,20.0,4870.0
2014-04-25,20.2,0.0,4870.0
2014-04-28,20.4,0.0,4870.0
2014-04-29,20.55,0.0,4870.0
2014-04-30,21.1,0.0,4870.0
2014-05-02,21.3,0.0,4870.0
2014-05-05,21.31,0.0,4870.0
2014-05-06,20.29,0.0,4870.0
2014-05-07,20.01,0.0,4870.0
2014-05-08,19.15,0.0,4870.0
2014-05-12,20.1,0.0,4870.0
2014-05-13,18.0,0.0,4870.0
2014-05-14,18.74,0.0,4870.0
2014-05-15,16.8,0.0,4870.0
2014-05-16,17.0,0.0,4870.0
2014-05-19,17.32,0.0,4870.0
2014-05-20,17.24,0.0,4870.0
2014-05-21,16.81,0.0,4870.0
2014-05-22,16.92,0.0,4870.0
2014-05-23,15.5,0.0,4870.0
2014-05-26,19.15,100.0,4870.0
2014-05-27,18.48,0.0,4870.0
2014-05-28,17.43,19.5,4870.0
2014-05-29,18.02,0.0,4870.0
2014-05-30,18.32,0.0,4870.0
2014-06-02,17.21,0.0,4870.0
2014-06-03,17.49,0.0,4870.0
2014-06-04,17.26,0.0,4870.0
2014-06-05,17.21,0.0,4870.0
2014-06-06,16.91,0.0,4870.0
2014-06-09,17.53,0.0,4870.0
2014-06-10,16.9,66.66666666666666,4870.0
2014-06-16,16.85,0.0,4870.0
2014-06-17,16.01,0.0,4870.0
2014-06-18,16.83,0.0,4870.0
2014-06-19,16.31,0.0,4870.0
2014-06-20,16.07,0.0,4870.0
2014-06-24,22.49,66.66666666666666,4870.0
2014-06-25,31.48,56.925619834710744,4870.0
2014-06-26,29.0,7.142857142857142,4870.0
2014-06-27,27.11,3.75,4870.0
2014-06-30,25.34,5.0,4870.0
2014-07-01,35.47,57.39130434782609,4870.0
2014-07-02,28.56,7.5,4870.0
2014-07-03,29.0,10.0,4870.0
2014-07-04,27.02,0.0,4870.0
2014-07-07,28.44,18.0,4870.0
2014-07-08,34.0,8.333333333333334,4870.0
2014-07-09,34.47,10.0,4870.0
2014-07-10,30.12,0.0,4870.0
2014-07-11,30.0,100.0,4870.0
2014-07-14,30.18,0.0,4870.0
2014-07-15,30.19,0.0,4870.0
2014-07-16,30.28,0.0,4870.0
2014-07-17,27.99,0.0,4870.0
2014-07-18,30.49,10.0,4870.0
2014-07-22,26.8,0.0,4870.0
2014-07-23,28.0,0.0,4870.0
2014-07-24,34.4,100.0,4870.0
2014-07-28,29.96,0.0,4870.0
2014-07-29,28.85,0.0,4870.0
2014-07-30,28.8,0.0,4870.0
2014-07-31,26.01,0.0,4870.0
2014-08-01,25.6,0.0,4870.0
2014-08-04,28.59,0.0,4870.0
2014-08-05,27.8,50.0,4870.0
2014-08-06,26.3,0.0,4870.0
2014-08-07,24.5,0.0,4870.0
2014-08-08,24.62,0.0,4870.0
2014-08-11,24.02,0.0,4870.0
2014-08-12,26.51,0.0,4870.0
2014-08-13,25.15,0.0,4870.0
2014-08-14,26.46,0.0,4870.0
2014-08-15,25.69,100.0,4870.0
2014-08-18,24.46,0.0,4870.0
2014-08-19,26.99,0.0,4870.0
2014-08-20,26.85,0.0,4870.0
2014-08-21,30.0,0.0,4870.0
2014-08-22,27.98,0.0,4870.0
2014-08-25,27.28,0.0,4870.0
2014-08-26,25.86,0.0,4870.0
2014-08-27,24.52,0.0,4870.0
2014-08-28,24.09,0.0,4870.0
2014-08-29,25.77,100.0,4870.0
2014-09-01,25.6,0.0,4870.0
2014-09-02,24.8,0.0,4870.0
2014-09-03,25.0,0.0,4870.0
2014-09-05,25.59,0.0,4870.0
2014-09-10,24.0,0.0,4870.0
2014-09-11,24.44,0.0,4870.0
2014-09-12,23.95,0.0,4870.0
2014-09-15,24.0,0.0,4870.0
2014-09-16,25.0,0.0,4870.0
2014-09-18,26.25,0.0,4870.0
2014-09-22,26.2,0.0,4870.0
2014-09-23,24.01,0.0,4870.0
2014-09-24,21.31,0.0,4870.0
2014-09-25,23.12,0.0,4870.0
2014-09-26,23.5,0.0,4870.0
2014-09-29,23.1,0.0,4870.0
2014-10-01,20.8,0.0,4870.0
2014-10-02,20.8,0.0,4870.0
2014-10-03,22.55,0.0,4870.0
2014-10-06,22.75,100.0,4870.0
2014-10-07,21.4,0.0,4870.0
2014-10-08,22.4,0.0,4870.0
2014-10-10,21.8,0.0,4870.0
2014-10-14,21.0,0.0,4870.0
2014-10-15,20.9,0.0,4870.0
2014-10-16,20.8,0.0,4870.0
2014-10-20,21.3,0.0,4870.0
2014-10-21,19.1,0.0,4870.0
2014-10-22,19.4,0.0,4870.0
2014-10-23,21.8,15.0,4870.0
2014-10-27,26.65,13.333333333333332,4870.0
2014-10-28,26.6,10.0,4870.0
2014-10-29,25.0,10.0,4870.0
2014-10-31,25.4,10.0,4870.0
2014-11-03,25.1,100.0,4870.0
2014-11-05,24.3,10.0,4870.0
2014-11-06,24.65,0.0,4870.0
2014-11-07,23.0,0.0,4870.0
2014-11-10,24.3,6.666666666666666,4870.0
2014-11-11,24.4,29.33333333333333,4870.0
2014-11-12,23.6,10.0,4870.0
2014-11-13,23.0,5.0,4870.0
2014-11-17,22.15,10.0,4870.0
2014-11-18,24.85,15.0,4870.0
2014-11-20,23.0,10.0,4870.0
2014-11-21,27.9,77.77777777777777,4870.0
2014-11-24,27.95,10.0,4870.0
2014-11-27,27.45,53.18181818181817,4870.0
2014-11-28,26.05,10.0,4870.0
2014-12-01,23.0,30.0,4870.0
2014-12-02,24.4,3.333333333333333,4870.0
2014-12-03,29.65,10.0,4870.0
2014-12-04,26.2,21.33333333333333,4870.0
2014-12-05,26.9,10.0,4870.0
2014-12-08,21.2,7.199999999999998,4870.0
2014-12-09,22.35,10.0,4870.0
2014-12-10,22.4,52.38095238095239,4870.0
2014-12-11,20.05,5.0,4870.0
2014-12-12,20.0,66.66666666666666,4870.0
2014-12-15,19.4,10.0,4870.0
2014-12-16,20.0,9.375,4870.0
2014-12-17,21.45,12.8,4870.0
2014-12-18,20.0,0.0,4870.0
2014-12-19,20.35,0.0,4870.0
2014-12-24,21.65,0.0,4870.0
2014-12-25,21.8,0.0,4870.0
2014-12-29,22.3,0.0,4870.0
2015-01-05,19.15,0.0,4870.0
2015-01-06,20.5,0.0,4870.0
2015-01-08,20.15,0.0,4870.0
2015-01-15,21.0,0.0,4870.0
2015-01-16,20.55,0.0,4870.0
2015-01-21,20.95,0.0,4870.0
2015-01-22,20.5,0.0,4870.0
2015-01-26,17.5,0.0,4870.0
2015-01-27,18.1,0.0,4870.0
2015-01-28,25.3,0.0,4870.0
2015-01-29,35.25,0.0,4870.0
2015-01-30,49.35,10.0,4870.0
2015-02-02,69.0,16.0,4870.0
2015-02-03,69.7,12.5,4870.0
2015-02-04,65.7,10.0,4870.0
2015-02-05,79.95,0.0,4870.0
2015-02-06,70.0,30.0,4870.0
2015-02-09,79.85,0.0,4870.0
2015-02-10,74.95,0.0,4870.0
2015-02-11,75.0,0.0,4870.0
2015-02-12,63.0,10.0,4870.0
2015-02-13,71.0,0.0,4870.0
2015-02-16,70.9,0.0,4870.0
2015-02-17,69.5,0.0,4870.0
2015-02-19,69.45,0.0,4870.0
2015-02-20,62.05,0.0,4870.0
2015-02-24,64.55,0.0,4870.0
2015-02-25,55.1,0.0,4870.0
2015-02-26,60.9,0.0,4870.0
2015-02-27,60.85,0.0,4870.0
2015-03-02,55.05,0.0,4870.0
2015-03-03,64.45,0.0,4870.0
2015-03-04,62.95,0.0,4870.0
2015-03-05,53.05,0.0,4870.0
2015-03-06,52.25,0.0,4870.0
2015-03-10,48.55,0.0,4870.0
2015-03-11,49.0,0.0,4870.0
2015-03-12,42.55,0.0,4870.0
2015-03-13,41.55,0.0,4870.0
2015-03-16,38.0,0.0,4870.0
2015-03-17,39.8,0.0,4870.0
2015-03-18,38.3,0.0,4870.0
2015-03-19,37.05,0.0,4870.0
2015-03-20,38.5,0.0,4870.0
2015-03-23,38.55,0.0,4870.0
2015-03-25,39.5,0.0,4870.0
2015-03-26,38.25,0.0,4870.0
2015-03-27,38.3,0.0,4870.0
2015-03-30,37.7,0.0,4870.0
2015-04-01,38.5,0.0,4870.0
2015-04-02,36.0,0.0,4870.0
2015-04-03,36.0,0.0,4870.0
2015-04-06,36.8,0.0,4870.0
2015-04-07,38.0,0.0,4870.0
2015-04-08,36.8,0.0,4870.0
2015-04-09,37.75,60.0,4870.0
2015-04-10,37.9,0.0,4870.0
2015-04-15,52.9,0.0,4870.0
2015-04-16,48.0,21.33333333333333,4870.0
2015-04-17,49.4,0.0,4870.0
2015-04-20,42.0,100.0,4870.0
2015-04-21,45.0,5.0,4870.0
2015-04-22,41.2,0.0,4870.0
2015-04-23,42.0,40.0,4870.0
2015-04-24,42.85,22.91666666666667,4870.0
2015-04-27,38.5,4.545454545454545,4870.0
2015-04-28,39.0,0.0,4870.0
2015-04-29,39.5,0.0,4870.0
2015-04-30,39.25,0.0,4870.0
2015-05-05,40.5,0.0,4870.0
2015-05-06,43.5,66.66666666666666,4870.0
2015-05-07,41.0,5.5555555555555545,4870.0
2015-05-08,43.8,9.166666666666668,4870.0
2015-05-12,42.0,0.0,4870.0
2015-05-13,42.9,20.0,4870.0
2015-05-14,41.1,0.0,4870.0
2015-05-15,41.0,0.0,4870.0
2015-05-18,41.5,0.0,4870.0
2015-05-19,40.8,0.0,4870.0
2015-05-21,40.0,0.0,4870.0
2015-05-22,40.0,0.0,4870.0
2015-05-25,39.9,0.0,4870.0
2015-05-26,42.8,0.0,4870.0
2015-05-27,40.7,0.0,4870.0
2015-05-28,40.0,0.0,4870.0
2015-05-29,38.1,0.0,4870.0
2015-06-01,40.7,0.0,4870.0
2015-06-02,36.0,0.0,4870.0
2015-06-03,36.9,0.0,4870.0
2015-06-04,37.2,0.0,4870.0
2015-06-05,38.6,0.0,4870.0
2015-06-08,38.5,0.0,4870.0
2015-06-09,40.2,10.0,4870.0
2015-06-11,37.4,0.0,4870.0
2015-06-15,40.7,100.0,4870.0
2015-06-16,40.9,0.0,4870.0
2015-06-18,40.0,0.0,4870.0
2015-06-22,44.9,0.0,4870.0
2015-06-23,43.6,0.0,4870.0
2015-06-24,38.8,0.0,4870.0
2015-06-25,40.0,0.0,4870.0
2015-06-30,40.7,0.0,4870.0
2015-07-01,38.2,0.0,4870.0
2015-07-02,41.3,0.0,4870.0
2015-07-06,40.7,0.0,4870.0
2015-07-08,38.5,0.0,4870.0
2015-07-09,40.6,0.0,4870.0
2015-07-10,38.4,100.0,4870.0
2015-07-13,38.9,10.0,4870.0
2015-07-14,39.5,28.0,4870.0
2015-07-15,40.1,0.0,4870.0
2015-07-16,37.5,0.0,4870.0
2015-07-17,37.7,2.5,4870.0
2015-07-20,38.8,10.0,4870.0
2015-07-21,41.0,9.0,4870.0
2015-07-22,43.9,0.0,4870.0
2015-07-23,44.0,0.0,4870.0
2015-07-24,38.0,10.0,4870.0
2015-07-27,36.4,5.0,4870.0
2015-07-28,37.6,10.666666666666666,4870.0
2015-07-29,37.8,5.0,4870.0
2015-07-30,37.1,13.333333333333332,4870.0
2015-07-31,36.5,0.0,4870.0
2015-08-03,35.9,0.0,4870.0
2015-08-04,36.0,0.0,4870.0
2015-08-05,36.9,0.0,4870.0
2015-08-06,37.0,30.0,4870.0
2015-08-10,37.6,0.0,4870.0
2015-08-11,38.8,8.333333333333332,4870.0
2015-08-12,37.4,4.0,4870.0
2015-08-13,37.5,0.0,4870.0
2015-08-14,38.8,50.0,4870.0
2015-08-17,41.9,15.0,4870.0
2015-08-18,42.3,8.333333333333334,4870.0
2015-08-19,40.8,10.0,4870.0
2015-08-20,39.7,0.0,4870.0
2015-08-21,40.5,0.0,4870.0
2015-08-24,39.1,0.0,4870.0
2015-08-25,42.5,0.0,4870.0
2015-08-26,41.0,0.0,4870.0
2015-08-27,39.6,100.0,4870.0
2015-08-28,39.3,0.0,4870.0
2015-08-31,40.3,0.0,4870.0
2015-09-01,39.1,0.0,4870.0
2015-09-02,37.3,0.0,4870.0
2015-09-07,37.5,0.0,4870.0
2015-09-08,39.9,0.0,4870.0
2015-09-09,38.7,0.0,4870.0
2015-09-10,38.7,0.0,4870.0
2015-09-14,39.0,0.0,4870.0
2015-09-16,39.0,0.0,4870.0
2015-09-18,39.5,0.0,4870.0
2015-09-21,38.2,0.0,4870.0
2015-09-22,38.2,0.0,4870.0
2015-09-23,38.1,0.0,4870.0
2015-09-24,37.3,0.0,4870.0
2015-09-25,36.4,0.0,4870.0
2015-09-28,36.8,0.0,4870.0
2015-09-29,37.0,0.0,4870.0
2015-09-30,37.0,0.0,4870.0
2015-10-01,34.9,0.0,4870.0
2015-10-02,35.3,0.0,4870.0
2015-10-05,36.5,0.0,4870.0
2015-10-06,36.3,0.0,4870.0
2015-10-07,36.1,0.0,4870.0
2015-10-08,34.0,0.0,4870.0
2015-10-09,36.1,0.0,4870.0
2015-10-12,33.9,0.0,4870.0
2015-10-13,34.0,0.0,4870.0
2015-10-14,34.0,0.0,4870.0
2015-10-15,36.0,0.0,4870.0
2015-10-16,36.0,0.0,4870.0
2015-10-19,36.1,0.0,4870.0
2015-10-20,34.7,0.0,4870.0
2015-10-21,34.8,0.0,4870.0
2015-10-23,34.9,0.0,4870.0
2015-10-26,35.0,0.0,4870.0
2015-10-28,34.6,0.0,4870.0
2015-10-29,34.5,0.0,4870.0
2015-10-30,48.2,0.0,4870.0
2015-11-02,67.3,100.0,4870.0
2015-11-03,63.0,0.0,4870.0
2015-11-05,53.7,0.0,4870.0
2015-11-06,50.0,0.0,4870.0
2015-11-09,49.6,10.0,4870.0
2015-11-10,47.5,0.0,4870.0
2015-11-11,47.8,0.0,4870.0
2015-11-12,46.0,0.0,4870.0
2015-11-13,46.2,0.0,4870.0
2015-11-16,45.0,0.0,4870.0
2015-11-17,46.2,0.0,4870.0
2015-11-18,42.2,0.0,4870.0
2015-11-19,43.8,0.0,4870.0
2015-11-20,43.7,0.0,4870.0
2015-11-23,43.5,0.0,4870.0
2015-11-24,42.5,0.0,4870.0
2015-11-25,43.5,0.0,4870.0
2015-11-26,43.5,0.0,4870.0
2015-11-27,42.0,0.0,4870.0
2015-11-30,40.0,0.0,4870.0
2015-12-01,38.5,0.0,4870.0
2015-12-02,39.8,0.0,4870.0
2015-12-03,40.0,0.0,4870.0
2015-12-04,41.3,0.0,4870.0
2015-12-07,42.2,0.0,4870.0
2015-12-08,39.0,0.0,4870.0
2015-12-09,39.3,0.0,4870.0
2015-12-10,38.5,0.0,4870.0
2015-12-11,39.5,0.0,4870.0
2015-12-14,38.5,0.0,4870.0
2015-12-15,38.2,0.0,4870.0
2015-12-16,38.8,0.0,4870.0
2015-12-17,38.0,0.0,4870.0
2015-12-18,37.7,0.0,4870.0
2015-12-21,37.0,0.0,4870.0
2015-12-22,35.3,0.0,4870.0
2015-12-23,35.7,0.0,4870.0
2015-12-24,35.4,0.0,4870.0
2015-12-25,35.9,0.0,4870.0
2015-12-28,35.8,0.0,4870.0
2015-12-29,35.9,0.0,4870.0
2015-12-30,36.1,0.0,4870.0
2016-01-05,36.7,0.0,4870.0
2016-01-06,38.5,0.0,4870.0
2016-01-11,38.1,0.0,4870.0
2016-01-12,38.4,0.0,4870.0
2016-01-13,38.5,0.0,4870.0
2016-01-14,38.8,0.0,4870.0
2016-01-15,39.3,0.0,4870.0
2016-01-18,40.0,0.0,4870.0
2016-01-19,43.2,0.0,4870.0
2016-01-20,43.5,0.0,4870.0
2016-01-21,41.5,0.0,4870.0
2016-01-22,40.7,0.0,4870.0
2016-01-25,43.8,0.0,4870.0
2016-01-26,45.4,100.0,4870.0
2016-01-27,45.0,0.0,4830.0
2016-01-28,44.3,0.0,4760.0
2016-01-29,44.3,0.0,4760.0
2016-02-01,45.0,0.0,4760.0
2016-02-02,48.5,0.0,4760.0
2016-02-03,45.7,0.0,4760.0
2016-02-04,46.0,0.0,4760.0
2016-02-05,47.0,0.0,4760.0
2016-02-08,46.8,0.0,4760.0
2016-02-09,44.8,0.0,4760.0
2016-02-10,46.8,0.0,4760.0
2016-02-11,45.0,0.0,4760.0
2016-02-12,43.0,0.0,4760.0
2016-02-15,43.8,0.0,4760.0
2016-02-16,45.0,0.0,4760.0
2016-02-17,45.5,0.0,4760.0
2016-02-18,47.7,0.0,4760.0
2016-02-19,66.7,0.0,4760.0
2016-02-20,57.8,10.0,4760.0
2016-02-22,64.3,0.0,4760.0
2016-02-24,57.5,0.0,4760.0
2016-02-25,56.9,0.0,4760.0
2016-02-26,55.4,0.0,4760.0
2016-02-29,56.0,0.0,4760.0
2016-03-01,58.4,0.0,4760.0
2016-03-02,52.5,0.0,4760.0
2016-03-03,55.0,0.0,4760.0
2016-03-04,55.0,0.0,4760.0
2016-03-07,53.8,0.0,4760.0
2016-03-09,52.3,0.0,4760.0
2016-03-10,55.1,0.0,4760.0
2016-03-11,53.5,0.0,4760.0
2016-03-14,55.2,0.0,4760.0
2016-03-15,54.0,0.0,4760.0
2016-03-16,53.2,0.0,4760.0
2016-03-17,53.8,0.0,4760.0
2016-03-18,53.2,0.0,4760.0
2016-03-21,53.0,0.0,4760.0
2016-03-23,52.7,0.0,4760.0
2016-03-24,52.1,0.0,4760.0
2016-03-25,53.8,0.0,4760.0
2016-03-28,52.0,0.0,4760.0
2016-03-29,51.7,0.0,4760.0
2016-03-30,51.9,0.0,4760.0
2016-04-01,51.2,0.0,4760.0
2016-04-04,50.2,0.0,4760.0
2016-04-05,51.8,0.0,4760.0
2016-04-06,51.5,0.0,4760.0
2016-04-07,51.7,0.0,4760.0
2016-04-08,51.2,0.0,4760.0
2016-04-11,52.4,0.0,4760.0
2016-04-12,51.5,0.0,4760.0
2016-04-14,51.8,0.0,4760.0
2016-04-15,53.3,0.0,4760.0
2016-04-18,52.7,0.0,4760.0
2016-04-19,51.6,0.0,4760.0
2016-04-20,51.9,0.0,4760.0
2016-04-21,51.7,0.0,4760.0
2016-04-22,51.9,0.0,4760.0
2016-04-25,55.4,0.0,4760.0
2016-04-26,60.0,0.0,4760.0
2016-04-27,55.0,0.0,4760.0
2016-04-28,53.7,0.0,4760.0
2016-04-29,52.4,0.0,4760.0
2016-05-04,53.9,0.0,4760.0
2016-05-05,52.4,0.0,4760.0
2016-05-06,52.1,0.0,4760.0
2016-05-10,51.0,0.0,4760.0
2016-05-11,53.8,0.0,4760.0
2016-05-12,55.0,0.0,4760.0
2016-05-13,54.5,0.0,4760.0
2016-05-16,52.7,0.0,4760.0
2016-05-17,53.0,0.0,4760.0
2016-05-18,52.2,0.0,4760.0
2016-05-19,52.0,0.0,4760.0
2016-05-20,52.4,0.0,4760.0
2016-05-23,51.5,0.0,4760.0
2016-05-25,53.1,0.0,4760.0
2016-05-26,53.5,0.0,4760.0
2016-05-27,53.7,0.0,4760.0
2016-05-30,53.7,0.0,4760.0
2016-06-01,51.2,0.0,4760.0
2016-06-02,49.0,0.0,4760.0
2016-06-03,51.4,0.0,4760.0
2016-06-06,53.5,0.0,4760.0
2016-06-07,51.8,0.0,4760.0
2016-06-09,50.0,0.0,4760.0
2016-06-10,50.0,0.0,4760.0
2016-06-14,48.5,0.0,4760.0
2016-06-16,48.6,0.0,4760.0
2016-06-17,49.4,0.0,4760.0
2016-06-21,47.6,0.0,4760.0
2016-06-22,47.7,0.0,4760.0
2016-06-23,48.4,0.0,4760.0
2016-06-24,49.1,0.0,4760.0
2016-06-28,48.4,0.0,4760.0
2016-06-30,46.8,0.0,4760.0
2016-07-04,47.0,0.0,4760.0
2016-07-05,47.0,0.0,4760.0
2016-07-06,47.8,0.0,4760.0
2016-07-07,48.7,0.0,4760.0
2016-07-08,46.8,0.0,4760.0
2016-07-11,46.0,0.0,4760.0
2016-07-12,47.4,0.0,4760.0
2016-07-13,47.0,0.0,4760.0
2016-07-14,45.6,0.0,4760.0
2016-07-15,46.5,0.0,4760.0
2016-07-19,45.0,0.0,4760.0
2016-07-20,45.5,0.0,4760.0
2016-07-21,46.0,0.0,4760.0
2016-07-22,46.9,0.0,4760.0
2016-07-25,46.5,0.0,4760.0
2016-07-26,46.0,0.0,4760.0
2016-07-27,46.4,0.0,4760.0
2016-07-28,46.1,0.0,4760.0
2016-07-29,46.1,0.0,4760.0
2016-08-01,47.0,0.0,4760.0
2016-08-03,46.4,0.0,4760.0
2016-08-04,46.5,0.0,4760.0
2016-08-05,46.1,0.0,4760.0
2016-08-08,47.0,0.0,4760.0
2016-08-09,47.0,0.0,4760.0
2016-08-12,48.6,0.0,4760.0
2016-08-15,48.2,0.0,4760.0
2016-08-16,49.0,0.0,4760.0
2016-08-17,47.7,0.0,4760.0
2016-08-19,53.1,0.0,4760.0
2016-08-22,48.1,0.0,4760.0
2016-08-23,48.5,0.0,4760.0
2016-08-25,49.8,0.0,4760.0
2016-08-26,48.6,0.0,4760.0
2016-08-29,48.9,0.0,4760.0
2016-08-30,49.4,0.0,4760.0
2016-08-31,50.4,0.0,4760.0
2016-09-01,50.6,0.0,4760.0
2016-09-02,51.4,0.0,4760.0
2016-09-05,54.8,0.0,4760.0
2016-09-06,54.7,0.0,4760.0
2016-09-07,53.0,0.0,4760.0
2016-09-09,48.3,0.0,4760.0
2016-09-12,47.8,0.0,4760.0
2016-09-13,48.0,0.0,4760.0
2016-09-14,48.1,0.0,4760.0
2016-09-15,48.0,0.0,4760.0
2016-09-16,47.9,0.0,4760.0
2016-09-19,47.9,0.0,4760.0
2016-09-20,47.9,0.0,4760.0
2016-09-21,47.8,0.0,4760.0
2016-09-22,48.1,0.0,4760.0
2016-09-23,48.1,0.0,4760.0
2016-09-26,47.2,0.0,4760.0
2016-09-27,46.8,0.0,4760.0
2016-09-28,47.3,0.0,4760.0
2016-09-29,47.9,0.0,4760.0
2016-09-30,47.3,0.0,4760.0
2016-10-03,46.3,0.0,4760.0
2016-10-05,48.0,0.0,4760.0
2016-10-06,47.2,0.0,4760.0
2016-10-07,47.1,0.0,4760.0
2016-10-11,46.4,0.0,4760.0
2016-10-12,47.3,0.0,4760.0
2016-10-13,47.0,0.0,4760.0
2016-10-14,46.7,0.0,4760.0
2016-10-17,48.0,0.0,4760.0
2016-10-18,46.6,0.0,4760.0
2016-10-21,46.3,0.0,4760.0
2016-10-24,47.0,0.0,4760.0
2016-10-25,47.8,0.0,4760.0
2016-10-27,45.5,0.0,4760.0
2016-10-28,47.2,0.0,4760.0
2016-10-31,45.7,0.0,4760.0
2016-11-01,45.5,0.0,4760.0
2016-11-08,46.1,0.0,4760.0
2016-11-09,45.6,0.0,4760.0
2016-11-10,46.0,0.0,4760.0
2016-11-11,46.5,0.0,4760.0
2016-11-14,47.5,0.0,4760.0
2016-11-16,49.4,0.0,4760.0
2016-11-17,48.0,0.0,4760.0
2016-11-18,47.9,0.0,4760.0
2016-11-21,48.8,0.0,4760.0
2016-11-22,50.0,0.0,4760.0
2016-11-23,48.7,0.0,4760.0
2016-11-24,47.1,0.0,4760.0
2016-11-25,45.9,0.0,4760.0
2016-11-28,47.5,0.0,4760.0
2016-11-29,46.8,0.0,4760.0
2016-11-30,46.4,0.0,4760.0
2016-12-01,47.3,0.0,4760.0
2016-12-02,48.0,0.0,4760.0
2016-12-07,47.7,0.0,4760.0
2016-12-08,47.7,0.0,4760.0
2016-12-09,46.6,0.0,4760.0
2016-12-12,46.2,0.0,4760.0
2016-12-13,45.6,0.0,4760.0
2016-12-14,46.0,0.0,4760.0
2016-12-15,46.8,0.0,4760.0
2016-12-16,46.9,0.0,4760.0
2016-12-19,46.5,0.0,4760.0
2016-12-20,46.9,0.0,4760.0
2016-12-21,46.0,0.0,4760.0
2016-12-22,46.0,0.0,4760.0
2016-12-23,47.0,0.0,4760.0
2016-12-26,48.0,0.0,4760.0
2016-12-27,46.3,0.0,4760.0
2016-12-28,46.0,0.0,4760.0
2016-12-29,47.1,0.0,4760.0
2016-12-30,47.7,0.0,4760.0
2017-01-03,46.9,0.0,4760.0
2017-01-04,46.8,0.0,4760.0
2017-01-05,46.7,0.0,4760.0
2017-01-06,47.1,100.0,4760.0
2017-01-09,46.1,0.0,4660.0
2017-01-10,45.7,0.0,4620.0
2017-01-11,45.7,0.0,4620.0
2017-01-12,45.7,0.0,4620.0
2017-01-13,45.7,0.0,4620.0
2017-01-16,46.3,0.0,4680.0
2017-01-18,46.4,0.0,4690.0
2017-01-19,45.6,0.0,4610.0
2017-01-20,45.9,0.0,4640.0
2017-01-23,45.5,0.0,4600.0
2017-01-24,45.2,0.0,4570.0
2017-01-25,47.7,0.0,4820.0
2017-01-26,47.2,0.0,4770.0
2017-01-27,47.2,0.0,4770.0
2017-01-30,48.0,0.0,4850.0
2017-01-31,48.3,0.0,4880.0
2017-02-01,47.8,0.0,4830.0
2017-02-02,48.7,0.0,4920.0
2017-02-03,48.1,0.0,4860.0
2017-02-06,47.8,0.0,4830.0
2017-02-07,47.8,0.0,4830.0
2017-02-08,47.0,0.0,4750.0
2017-02-09,46.0,0.0,4650.0
2017-02-10,47.4,0.0,4790.0
2017-02-13,47.9,0.0,4840.0
2017-02-14,47.8,0.0,4830.0
2017-02-15,46.2,0.0,4830.0
2017-02-16,45.7,0.0,4830.0
2017-02-17,46.8,0.0,4830.0
2017-02-20,50.0,0.0,4830.0
2017-02-21,47.8,0.0,4830.0
2017-02-22,47.9,0.0,4830.0
2017-02-27,44.5,0.0,4830.0
2017-02-28,44.1,0.0,4830.0
2017-03-01,46.5,0.0,4830.0
2017-03-02,45.4,0.0,4830.0
2017-03-03,46.5,0.0,4830.0
2017-03-07,44.8,0.0,4830.0
2017-03-09,45.1,0.0,4830.0
2017-03-10,40.4,0.0,4830.0
2017-03-13,40.4,0.0,4830.0
2017-03-14,40.5,0.0,4830.0
2017-03-15,42.9,0.0,4830.0
2017-03-16,42.0,0.0,4830.0
2017-03-17,41.6,0.0,4830.0
2017-03-20,43.9,0.0,4830.0
2017-03-21,43.2,0.0,4830.0
2017-03-22,44.4,0.0,4830.0
2017-03-23,42.5,0.0,4830.0
2017-03-27,40.0,0.0,4830.0
2017-03-28,40.8,0.0,4830.0
2017-03-29,40.4,0.0,4830.0
2017-03-30,43.3,0.0,4830.0
2017-03-31,41.0,0.0,4830.0
2017-04-03,40.8,0.0,4830.0
2017-04-04,39.3,0.0,4830.0
2017-04-05,40.0,0.0,4830.0
2017-04-06,40.8,0.0,4830.0
2017-04-07,38.4,0.0,4830.0
2017-04-10,37.0,0.0,4830.0
2017-04-12,37.4,0.0,4830.0
2017-04-13,37.1,0.0,4830.0
2017-04-17,39.0,0.0,4830.0
2017-04-18,39.0,0.0,4830.0
2017-04-21,37.1,0.0,4830.0
2017-04-25,38.5,0.0,4830.0
2017-04-26,39.1,0.0,4830.0
2017-04-28,39.0,0.0,4830.0
2017-05-02,37.1,0.0,4830.0
2017-05-04,37.0,0.0,4830.0
2017-05-10,37.8,0.0,4830.0
2017-05-11,37.0,0.0,4830.0
2017-05-12,37.3,0.0,4830.0
2017-05-17,38.8,0.0,4830.0
2017-05-18,31.6,0.0,4830.0
2017-05-19,30.6,0.0,4830.0
2017-05-22,30.3,0.0,4830.0
2017-05-23,31.0,0.0,4830.0
2017-05-24,30.7,0.0,4830.0
2017-05-25,30.8,0.0,4830.0
2017-05-26,31.4,0.0,4830.0
2017-05-30,30.9,0.0,4830.0
2017-05-31,30.3,0.0,4830.0
2017-06-01,30.0,0.0,4830.0
2017-06-02,29.6,0.0,4830.0
2017-06-05,30.3,0.0,4830.0
2017-06-20,32.9,0.0,4830.0
2017-06-21,33.0,0.0,4830.0
2017-06-27,31.1,100.0,4830.0
2017-06-30,34.9,0.0,5210.0
2017-07-03,30.0,0.0,4720.0
2017-07-04,34.0,0.0,5120.0
2017-07-05,37.0,0.0,5420.0
2017-07-07,46.6,0.0,6380.0
2017-07-10,40.9,0.0,5810.0
2017-07-11,45.4,0.0,6260.0
2017-07-12,41.8,100.0,5900.0
2017-07-13,37.6,10.0,5480.0
2017-07-14,41.9,0.0,5910.0
2017-07-17,38.4,0.0,5560.0
2017-07-18,38.1,0.0,5530.0
2017-07-19,35.1,30.0,5230.0
2017-07-20,40.3,10.0,5750.0
2017-07-21,39.0,0.0,5620.0
2017-07-24,42.4,0.0,5960.0
2017-07-25,41.0,0.0,5820.0
2017-07-26,37.8,0.0,5500.0
2017-07-27,38.5,0.0,5570.0
2017-07-28,40.6,0.0,5780.0
2017-07-31,39.0,0.0,5620.0
2017-08-01,38.7,0.0,5590.0
2017-08-02,39.0,0.0,5620.0
2017-08-03,39.6,0.0,5680.0
2017-08-04,38.9,0.0,5610.0
2017-08-07,36.5,0.0,5370.0
2017-08-08,37.5,0.0,5470.0
2017-08-09,36.9,0.0,5410.0
2017-08-10,38.3,0.0,5550.0
2017-08-15,35.2,0.0,5240.0
2017-08-16,35.9,0.0,5310.0
2017-08-17,33.4,0.0,5060.0
2017-08-18,35.0,0.0,5220.0
2017-08-22,34.0,0.0,5120.0
2017-08-23,33.1,0.0,5030.0
2017-08-25,32.7,0.0,4990.0
2017-08-28,32.1,0.0,4930.0
2017-08-29,34.0,0.0,5120.0
2017-08-30,32.2,0.0,4940.0
2017-08-31,33.1,0.0,5030.0
2017-09-01,33.1,0.0,5030.0
2017-09-06,34.3,0.0,5150.0
2017-09-07,34.4,0.0,5160.0
2017-09-11,33.5,0.0,5070.0
2017-09-13,32.8,0.0,5000.0
2017-09-15,33.0,0.0,5020.0
2017-09-19,32.4,0.0,4960.0
2017-09-20,34.6,0.0,5180.0
2017-09-22,32.8,0.0,5000.0
2017-09-25,32.5,0.0,4970.0
2017-09-26,31.6,0.0,4880.0
2017-09-27,31.0,0.0,4820.0
2017-09-28,31.0,0.0,4820.0
2017-09-29,31.0,0.0,4820.0
2017-10-02,31.0,0.0,4820.0
2017-10-03,31.3,0.0,4850.0
2017-10-04,32.3,0.0,4950.0
2017-10-05,30.0,0.0,4720.0
2017-10-06,30.9,0.0,4810.0
2017-10-09,30.6,0.0,4780.0
2017-10-11,30.8,0.0,4800.0
2017-10-12,30.8,0.0,4800.0
2017-10-13,31.9,0.0,4910.0
2017-10-16,32.4,0.0,4960.0
2017-10-17,32.5,0.0,4970.0
2017-10-18,31.2,0.0,4840.0
2017-10-20,31.3,0.0,4850.0
2017-10-23,31.5,0.0,4870.0
2017-10-30,31.8,0.0,4900.0
2017-10-31,31.2,0.0,4840.0
2017-11-01,31.2,0.0,4840.0
2017-11-02,31.0,0.0,4820.0
2017-11-07,30.9,0.0,4810.0
2017-11-08,31.8,0.0,4900.0
2017-11-09,31.2,0.0,4840.0
2017-11-10,31.3,0.0,4850.0
2017-11-13,30.4,0.0,4760.0
2017-11-14,30.7,0.0,4790.0
2017-11-15,30.7,0.0,4790.0
2017-11-16,30.0,0.0,4720.0
2017-11-20,37.4,70.0,5460.0
2017-11-21,34.1,0.0,5130.0
2017-11-22,34.4,10.0,5160.0
2017-11-23,35.2,20.0,5240.0
2017-11-24,34.5,0.0,5170.0
2017-11-27,34.6,0.0,5180.0
2017-11-28,33.9,100.0,5110.0
2017-11-29,33.9,0.0,5110.0
2017-11-30,33.5,50.0,5070.0
2017-12-01,32.5,0.0,4970.0
2017-12-04,32.4,100.0,4960.0
2017-12-05,35.8,10.0,5300.0
2017-12-06,43.0,19.736842105263158,6020.0
2017-12-07,39.6,7.5,5680.0
2017-12-08,37.8,6.25,5500.0
2017-12-11,35.6,8.75,5280.0
2017-12-12,34.6,0.0,5180.0
2017-12-13,35.7,0.0,5180.0
2017-12-14,35.4,0.0,5180.0
2017-12-15,35.1,0.0,5180.0
2017-12-18,35.6,0.0,5180.0
2017-12-19,34.4,0.0,5180.0
2017-12-20,34.5,10.0,5180.0
2017-12-21,34.9,0.0,5180.0
2017-12-22,33.1,0.0,5180.0
2017-12-25,33.7,25.0,5180.0
2017-12-26,33.4,10.0,5180.0
2017-12-27,33.5,0.0,5180.0
2017-12-28,32.4,0.0,5180.0
2017-12-29,33.3,0.0,5180.0
2018-01-03,33.7,0.0,5180.0
2018-01-04,33.9,0.0,5180.0
2018-01-05,34.2,0.0,5180.0
2018-01-09,34.5,0.0,5180.0
2018-01-10,35.1,100.0,5180.0
2018-01-11,35.5,0.0,5220.0
2018-01-12,35.6,0.0,5220.0
2018-01-15,37.1,100.0,5220.0
2018-01-16,36.9,0.0,5200.0
2018-01-17,36.6,0.0,5200.0
2018-01-18,36.0,0.0,5200.0
2018-01-19,36.5,100.0,5200.0
2018-01-22,36.5,45.0,5200.0
2018-01-23,35.0,11.904761904761903,5200.0
2018-01-24,35.7,5.0,5200.0
2018-01-25,36.4,0.0,5200.0
2018-01-26,35.1,10.0,5200.0
2018-01-29,34.9,0.0,5200.0
2018-01-30,34.9,0.0,5200.0
2018-01-31,34.5,100.0,5200.0
2018-02-01,34.2,0.0,5170.0
2018-02-02,33.6,0.0,5170.0
2018-02-05,33.0,0.0,5170.0
2018-02-06,32.0,0.0,5170.0
2018-02-07,32.3,0.0,5170.0
2018-02-08,31.4,0.0,5170.0
2018-02-09,30.6,0.0,5170.0
2018-02-12,31.1,0.0,5170.0
2018-02-13,31.2,0.0,5170.0
2018-02-14,31.9,0.0,5170.0
2018-02-15,33.0,0.0,5170.0
2018-02-16,32.3,0.0,5170.0
2018-02-19,31.7,0.0,5170.0
2018-02-20,30.1,0.0,5170.0
2018-02-21,31.5,0.0,5170.0
2018-02-22,31.4,0.0,5170.0
2018-02-26,31.9,0.0,5170.0
2018-02-27,30.7,10.0,5170.0
2018-02-28,30.7,0.0,5170.0
2018-03-01,30.7,0.0,5170.0
2018-03-02,30.7,0.0,5170.0
2018-03-05,30.9,0.0,5170.0
2018-03-06,31.0,0.0,5170.0
2018-03-07,32.1,10.0,5170.0
2018-03-09,32.0,0.0,5170.0
2018-03-12,32.7,0.0,5170.0
2018-03-13,31.5,0.0,5170.0
2018-03-14,31.8,0.0,5170.0
2018-03-15,31.9,0.0,5170.0
2018-03-16,32.0,0.0,5170.0
2018-03-19,31.6,0.0,5170.0
2018-03-20,31.0,0.0,5170.0
2018-03-21,31.0,100.0,5170.0
2018-03-22,30.0,10.0,5070.0
2018-03-23,30.6,0.0,5130.0
2018-03-26,30.8,0.0,5150.0
2018-03-27,30.8,0.0,5150.0
2018-03-28,30.7,0.0,5140.0
2018-03-29,30.8,0.0,5150.0
2018-03-30,30.8,0.0,5150.0
2018-04-02,30.9,0.0,5160.0
2018-04-03,31.7,0.0,5240.0
2018-04-04,31.3,0.0,5200.0
2018-04-05,31.4,100.0,5210.0
2018-04-06,31.3,0.0,5200.0
2018-04-09,30.3,0.0,5100.0
2018-04-10,31.2,0.0,5190.0
2018-04-11,28.9,100.0,4960.0
2018-04-12,29.2,0.0,4990.0
2018-04-13,29.2,0.0,4990.0
2018-04-16,28.9,0.0,4960.0
2018-04-17,29.5,100.0,5020.0
2018-04-18,28.0,0.0,4870.0
2018-04-19,28.5,0.0,4920.0
2018-04-20,28.1,0.0,4880.0
2018-04-23,28.5,0.0,4920.0
2018-04-24,28.2,0.0,4890.0
2018-04-25,28.2,0.0,4890.0
2018-04-26,27.6,0.0,4830.0
2018-04-27,27.7,0.0,4840.0
2018-04-30,27.9,0.0,4860.0
2018-05-03,27.6,0.0,4830.0
2018-05-04,27.7,0.0,4840.0
2018-05-08,29.3,0.0,5000.0
2018-05-10,28.4,0.0,4910.0
2018-05-11,27.2,0.0,4790.0
2018-05-15,29.1,0.0,4980.0
2018-05-16,29.4,0.0,5010.0
2018-05-17,29.8,0.0,5050.0
2018-05-18,29.8,0.0,5050.0
2018-05-21,29.5,0.0,5020.0
2018-05-22,28.8,0.0,4950.0
2018-05-23,29.0,0.0,4970.0
2018-05-24,28.2,0.0,4890.0
2018-05-25,29.2,10.0,4990.0
2018-05-28,28.3,0.0,4900.0
2018-05-29,30.6,100.0,5130.0
2018-05-30,27.5,0.0,4820.0
2018-05-31,27.5,0.0,4820.0
2018-06-01,27.9,0.0,4860.0
2018-06-04,26.9,0.0,4760.0
2018-06-05,26.5,0.0,4720.0
2018-06-06,26.8,0.0,4750.0
2018-06-07,26.3,0.0,4700.0
2018-06-08,26.9,0.0,4760.0
2018-06-11,27.5,0.0,4820.0
2018-06-13,26.6,0.0,4730.0
2018-06-14,26.5,0.0,4720.0
2018-06-15,26.6,0.0,4730.0
2018-06-18,27.2,0.0,4790.0
2018-06-20,26.6,0.0,4730.0
2018-06-21,26.3,0.0,4700.0
2018-06-22,26.1,0.0,4680.0
2018-06-25,26.6,0.0,4730.0
2018-06-26,26.0,0.0,4670.0
2018-06-28,26.6,0.0,4730.0
2018-06-29,27.5,100.0,4820.0
2018-07-02,27.5,0.0,4820.0
2018-07-03,26.0,0.0,4670.0
2018-07-04,26.2,0.0,4690.0
2018-07-06,25.9,0.0,4660.0
2018-07-09,26.0,0.0,4670.0
2018-07-10,25.9,100.0,4660.0
2018-07-12,25.9,0.0,4660.0
2018-07-13,25.6,100.0,4630.0
2018-07-16,26.0,0.0,4670.0
2018-07-17,25.9,0.0,4660.0
2018-07-18,26.0,0.0,4670.0
2018-07-19,26.0,0.0,4670.0
2018-07-20,25.5,0.0,4620.0
2018-07-23,25.1,0.0,4580.0
2018-07-25,25.0,0.0,4570.0
2018-07-31,25.0,0.0,4570.0
2018-08-01,29.6,75.0,5030.0
2018-08-02,26.2,10.0,4690.0
2018-08-03,29.9,10.0,5060.0
2018-08-06,28.2,0.0,4890.0
2018-08-07,27.2,0.0,4790.0
2018-08-08,27.6,3.333333333333333,4830.0
2018-08-09,26.5,0.0,4720.0
2018-08-10,26.2,0.0,4690.0
2018-08-13,26.8,0.0,4750.0
2018-08-14,26.4,0.0,4710.0
2018-08-15,26.9,10.0,4760.0
2018-08-17,27.0,0.0,4770.0
2018-08-20,27.0,0.0,4770.0
2018-08-21,26.2,0.0,4690.0
2018-08-22,26.3,50.0,4700.0
2018-08-27,26.3,0.0,4700.0
2018-08-28,26.8,0.0,4750.0
2018-08-29,26.0,0.0,4670.0
2018-08-30,26.2,0.0,4690.0
2018-08-31,26.4,0.0,4710.0
2018-09-03,26.7,0.0,4740.0
2018-09-05,26.7,0.0,4740.0
2018-09-07,26.1,0.0,4680.0
2018-09-10,27.4,0.0,4810.0
2018-09-11,30.4,50.0,5110.0
2018-09-12,28.0,0.0,4870.0
2018-09-13,28.9,0.0,4960.0
2018-09-14,29.7,66.66666666666666,5040.0
2018-09-17,28.9,0.0,4960.0
2018-09-18,28.4,0.0,4910.0
2018-09-19,33.0,0.0,5370.0
2018-09-20,33.0,10.0,5370.0
2018-09-21,32.3,10.0,5370.0
2018-09-24,32.5,40.0,5370.0
2018-09-25,31.7,0.0,5370.0
2018-09-26,29.7,100.0,5370.0
2018-09-27,31.0,10.0,5500.0
2018-09-28,43.3,94.73684210526315,5500.0
2018-10-01,60.5,12.831168831168833,7220.0
2018-10-02,48.5,8.333333333333334,7220.0
2018-10-03,54.5,8.611111111111112,7220.0
2018-10-04,55.7,8.333333333333334,7220.0
2018-10-05,53.5,0.0,7220.0
2018-10-08,50.5,50.0,7220.0
2018-10-09,47.1,0.0,7220.0
2018-10-10,52.0,40.0,7220.0
2018-10-11,49.2,10.0,7220.0
2018-10-12,51.6,10.0,7220.0
2018-10-15,52.0,20.0,7220.0
2018-10-16,52.2,10.0,7220.0
2018-10-17,51.4,0.0,7220.0
2018-10-18,50.0,10.0,7220.0
2018-10-19,47.3,20.0,7220.0
2018-10-22,42.0,0.0,7220.0
2018-10-23,55.7,77.77777777777777,7220.0
2018-10-24,50.5,8.666666666666668,7220.0
2018-10-25,51.7,6.666666666666666,7220.0
2018-10-26,52.0,0.0,7220.0
2018-10-29,51.5,100.0,7220.0
2018-10-30,50.9,0.0,7220.0
2018-10-31,50.9,0.0,7220.0
2018-11-01,49.8,0.0,7220.0
2018-11-02,50.9,0.0,7220.0
2018-11-06,50.1,0.0,7220.0
2018-11-07,49.7,0.0,7220.0
2018-11-08,49.9,0.0,7220.0
2018-11-09,50.0,0.0,7220.0
2018-11-12,48.8,0.0,7220.0
2018-11-13,49.9,0.0,7220.0
2018-11-14,50.2,0.0,7220.0
2018-11-15,49.6,0.0,7220.0
2018-11-16,49.1,0.0,7220.0
2018-11-19,49.8,50.0,7220.0
2018-11-20,49.6,0.0,7220.0
2018-11-21,48.9,0.0,7220.0
2018-11-22,50.0,0.0,7220.0
2018-11-23,50.8,100.0,7220.0
2018-11-26,49.0,10.0,7220.0
2018-11-27,47.9,0.0,7220.0
2018-11-28,50.1,100.0,7220.0
2018-11-29,49.0,0.0,7220.0
2018-11-30,46.4,100.0,7220.0
2018-12-03,47.6,10.0,7220.0
2018-12-04,46.7,0.0,7220.0
2018-12-05,46.9,0.0,7220.0
2018-12-06,46.2,0.0,7220.0
2018-12-07,45.7,0.0,7220.0
2018-12-10,44.4,0.0,7220.0
2018-12-11,44.1,0.0,7220.0
2018-12-12,43.2,0.0,7220.0
2018-12-13,42.3,100.0,7220.0
2018-12-14,41.4,10.0,7220.0
2018-12-17,37.0,5.0,7220.0
2018-12-18,35.6,15.0,7220.0
2018-12-19,34.8,10.0,7220.0
2018-12-20,34.8,48.0,7220.0
2018-12-21,34.8,0.0,7220.0
2018-12-24,33.8,100.0,7220.0
2018-12-25,46.5,60.0,7220.0
2018-12-26,41.6,5.0,7220.0
2018-12-27,39.5,10.0,7220.0
2018-12-28,39.5,0.0,7220.0
2018-12-29,39.3,10.0,7220.0
2019-01-03,39.1,0.0,7220.0
2019-01-04,39.6,0.0,7220.0
2019-01-08,39.8,0.0,7220.0
2019-01-09,39.9,0.0,7220.0
2019-01-10,44.0,71.42857142857143,7220.0
2019-01-11,41.9,7.5,7220.0
2019-01-14,41.6,10.0,7220.0
2019-01-15,41.5,10.0,7220.0
2019-01-16,42.0,10.0,7220.0
2019-01-17,42.3,0.0,7220.0
2019-01-18,41.8,0.0,7220.0
2019-01-21,41.7,100.0,7220.0
2019-01-22,58.3,62.06896551724138,7220.0
2019-01-23,70.9,7.57729941291585,7220.0
2019-01-24,74.0,7.027027027027027,7220.0
2019-01-25,59.3,5.0,7220.0
2019-01-28,55.0,6.666666666666666,7220.0
2019-01-29,50.7,0.0,7220.0
2019-01-30,59.7,18.0,7220.0
2019-01-31,64.0,6.666666666666666,7220.0
2019-02-01,86.0,37.142857142857146,7220.0
2019-02-04,112.0,30.418060200668894,7220.0
2019-02-05,156.7,8.106526859661123,7220.0
2019-02-06,219.2,9.73102682568676,7220.0
2019-02-07,306.7,7.562937062937063,7220.0
2019-02-08,316.0,7.686567164179103,7220.0
2019-02-11,273.0,6.129032258064517,7220.0
2019-02-12,205.0,8.0,7220.0
2019-02-13,179.9,14.106060606060606,7220.0
2019-02-14,217.0,16.022896963663513,7220.0
2019-02-15,170.0,6.216216216216218,7220.0
2019-02-18,164.8,5.0,7220.0
2019-02-19,151.0,8.666666666666668,7220.0
2019-02-20,211.3,22.641941391941394,7220.0
2019-02-21,203.4,10.043478260869566,7220.0
2019-02-22,213.8,6.470588235294117,7220.0
2019-02-25,240.0,5.0,7220.0
2019-02-26,218.4,5.066666666666666,7220.0
2019-02-27,213.0,4.285714285714286,7220.0
2019-02-28,195.0,10.0,7220.0
2019-03-01,196.4,10.0,7220.0
2019-03-04,181.0,10.0,7220.0
2019-03-05,182.1,60.0,7220.0
2019-03-06,171.8,0.0,7220.0
2019-03-07,174.0,0.0,7220.0
2019-03-11,165.8,30.0,7220.0
2019-03-12,176.0,23.333333333333336,7220.0
2019-03-13,172.6,0.0,7220.0
2019-03-14,172.5,0.0,7220.0
2019-03-15,171.3,0.0,7220.0
2019-03-18,169.8,0.0,7220.0
2019-03-19,170.7,75.0,7220.0
2019-03-20,168.7,0.0,7220.0
2019-03-21,169.8,10.0,7220.0
2019-03-22,166.7,0.0,7220.0
2019-03-25,160.0,100.0,7220.0
2019-03-26,159.9,10.833333333333332,7220.0
2019-03-27,150.0,0.0,7220.0
2019-03-28,147.9,0.0,7220.0
2019-03-29,142.0,15.0,7220.0
2019-04-01,136.0,26.666666666666664,7220.0
2019-04-02,127.4,10.0,7220.0
2019-04-03,154.0,77.14285714285714,7220.0
2019-04-04,143.0,4.666666666666667,7220.0
2019-04-05,137.2,5.5555555555555545,7220.0
2019-04-08,131.5,10.0,7220.0
2019-04-09,127.2,0.0,7220.0
2019-04-10,127.0,16.875,7220.0
2019-04-11,128.9,0.0,7220.0
2019-04-12,127.9,10.0,7220.0
2019-04-15,126.9,0.0,7220.0
2019-04-16,124.9,5.0,7220.0
2019-04-17,114.6,76.92307692307692,7220.0
2019-04-18,109.4,2.8571428571428568,7220.0
2019-04-19,98.5,13.6094674556213,7220.0
2019-04-22,100.8,0.0,7220.0
2019-04-23,94.4,19.047619047619047,7220.0
2019-04-24,92.7,6.666666666666666,7220.0
2019-04-25,87.4,6.0,7220.0
2019-04-26,87.5,15.0,7220.0
2019-04-29,82.1,7.5,7220.0
2019-04-30,78.6,7.0,7220.0
2019-05-02,76.5,5.0,7220.0
2019-05-03,70.2,10.0,7220.0
2019-05-06,70.0,6.25,7220.0
2019-05-07,66.4,8.333333333333334,7220.0
2019-05-08,69.5,13.888888888888886,7220.0
2019-05-10,67.1,10.0,7220.0
2019-05-13,69.8,9.0,7220.0
2019-05-14,66.0,43.93939393939393,7220.0
2019-05-15,66.4,10.0,7220.0
2019-05-16,64.8,10.0,7220.0
2019-05-17,63.6,0.0,7220.0
2019-05-20,62.0,0.0,7220.0
2019-05-21,58.0,54.54545454545454,7220.0
2019-05-22,55.8,14.055555555555555,7220.0
2019-05-23,53.5,5.7142857142857135,7220.0
2019-05-24,53.4,10.0,7220.0
2019-05-27,55.4,6.666666666666666,7220.0
2019-05-28,53.2,0.0,7220.0
2019-05-29,52.5,0.0,7220.0
2019-05-30,52.4,16.666666666666664,7220.0
2019-05-31,51.7,10.0,7220.0
2019-06-03,52.9,8.75,7220.0
2019-06-04,51.7,11.428571428571427,7220.0
2019-06-05,50.9,16.07142857142857,7220.0
2019-06-06,52.9,5.6000000000000005,7220.0
2019-06-07,51.5,6.666666666666666,7220.0
2019-06-10,51.5,3.333333333333333,7220.0
2019-06-11,52.4,0.0,7220.0
2019-06-13,50.1,75.0,7220.0
2019-06-14,48.0,7.2727272727272725,7220.0
2019-06-17,49.4,9.575551782682512,7220.0
2019-06-18,47.8,7.982978723404256,7220.0
2019-06-19,46.7,10.0,7220.0
2019-06-20,48.1,24.75,7220.0
2019-06-21,47.1,8.0,7220.0
2019-06-24,46.0,6.666666666666668,7220.0
2019-06-25,44.1,18.487394957983195,7220.0
2019-06-26,43.5,10.795454545454547,7220.0
2019-06-27,41.2,7.767857142857142,7220.0
2019-06-28,40.6,6.4209274673008325,7220.0
2019-07-01,38.2,3.8461538461538463,7220.0
2019-07-02,39.0,5.0,7220.0
2019-07-03,37.8,35.458333333333336,7220.0
2019-07-04,38.1,5.454545454545454,7220.0
2019-07-05,37.0,4.166666666666667,7220.0
2019-07-08,37.0,5.0,7220.0
2019-07-09,36.5,0.0,7220.0
2019-07-10,37.2,15.0,7220.0
2019-07-11,36.6,8.0,7220.0
2019-07-12,39.8,31.250000000000004,7220.0
2019-07-15,36.9,5.333333333333333,7220.0
2019-07-16,37.3,5.7142857142857135,7220.0
2019-07-17,36.5,10.0,7220.0
2019-07-18,33.8,5.0,7220.0
2019-07-19,31.2,24.537037037037038,7220.0
2019-07-22,31.4,4.545454545454545,7220.0
2019-07-23,30.3,8.823529411764708,7220.0
2019-07-24,27.6,20.55625,7220.0
2019-07-25,27.0,6.949300699300699,7220.0
2019-07-26,24.8,8.145153239492862,7220.0
2019-07-29,18.9,10.91028915067139,7220.0
2019-07-30,23.2,6.666666666666666,7220.0
2019-07-31,23.0,5.595238095238094,7220.0
2019-08-01,23.1,6.774193548387097,7220.0
2019-08-02,22.1,7.931034482758621,7220.0
2019-08-05,21.1,8.518518518518517,7220.0
2019-08-06,20.9,4.545454545454545,7220.0
2019-08-07,19.9,5.15625,7220.0
2019-08-08,19.0,25.66666666666667,7220.0
2019-08-09,17.1,6.557377049180328,7220.0
2019-08-12,20.8,18.312437810945273,7220.0
2019-08-13,20.6,5.526315789473685,7220.0
2019-08-14,19.3,7.894736842105264,7220.0
2019-08-15,16.8,8.724279835390947,7220.0
2019-08-16,16.7,6.75,7220.0
2019-08-19,16.6,8.125,7220.0
2019-08-20,16.4,10.769230769230768,7220.0
2019-08-21,15.6,7.819593787335721,7220.0
2019-08-22,15.1,9.435876623376624,7220.0
2019-08-23,15.1,14.302508960573475,7220.0
2019-08-26,15.0,7.199999999999998,7220.0
2019-08-27,14.2,8.962962962962962,7220.0
2019-08-28,13.8,19.78598484848485,7220.0
2019-08-29,12.6,6.2857142857142865,7220.0
2019-08-30,13.2,9.25064599483204,7220.0
2019-09-02,13.0,6.851851851851853,7220.0
2019-09-03,12.3,6.0,7220.0
2019-09-04,13.2,7.0,7220.0
2019-09-05,14.8,15.313050037716875,7220.0
2019-09-06,20.6,13.814032778030956,7220.0
2019-09-09,25.6,5.863874345549737,7220.0
2019-09-10,22.7,5.46875,7220.0
2019-09-11,21.0,8.210732984293193,7220.0
2019-09-12,22.8,6.346153846153847,7220.0
2019-09-13,22.4,6.842105263157895,7220.0
2019-09-16,21.8,5.7142857142857135,7220.0
2019-09-17,20.5,6.75,7220.0
2019-09-18,21.8,17.48631950573698,7220.0
2019-09-19,22.5,7.142857142857142,7220.0
2019-09-20,22.3,6.2857142857142865,7220.0
2019-09-23,23.5,9.1650641025641,7220.0
2019-09-24,23.2,10.07518796992481,7220.0
2019-09-25,22.0,4.84375,7220.0
2019-09-26,21.6,5.689655172413794,7220.0
2019-09-27,20.8,5.333333333333333,7220.0
2019-09-30,20.8,7.5,7220.0
2019-10-01,20.7,5.833333333333334,7220.0
2019-10-02,20.1,16.42857142857143,7220.0
2019-10-03,19.5,16.145557655954633,7220.0
2019-10-04,19.5,7.678571428571429,7220.0
2019-10-07,19.3,8.4,7220.0
2019-10-08,18.7,6.29954268292683,7220.0
2019-10-09,17.5,14.479520802978795,7220.0
2019-10-10,17.4,6.153846153846153,7220.0
2019-10-11,18.7,6.744186046511628,7220.0
2019-10-14,18.2,6.666666666666666,7220.0
2019-10-15,18.1,20.27906976744186,7220.0
2019-10-16,18.5,7.777777777777778,7220.0
2019-10-17,18.3,8.928571428571429,7220.0
2019-10-18,19.4,7.159090909090907,7220.0
2019-10-21,19.0,6.666666666666666,7220.0
2019-10-22,18.9,5.217391304347826,7220.0
2019-10-23,18.8,3.75,7220.0
2019-10-24,18.4,10.077419354838714,7220.0
2019-10-25,18.5,5.454545454545454,7220.0
2019-10-28,18.0,8.289473684210527,7220.0
2019-10-29,17.9,8.75,7220.0
2019-10-30,17.9,7.142857142857142,7220.0
2019-10-31,17.5,5.0,7220.0
2019-11-01,17.1,13.162393162393162,7220.0
2019-11-05,16.0,13.295454545454545,7220.0
2019-11-06,14.2,21.05591168091168,7220.0
2019-11-07,14.9,7.627118644067797,7220.0
2019-11-08,14.9,7.0,7220.0
2019-11-11,14.7,5.384615384615384,7220.0
2019-11-12,14.2,7.1328671328671325,7220.0
2019-11-13,14.5,6.428571428571429,7220.0
2019-11-14,14.6,9.09090909090909,7220.0
2019-11-15,14.5,0.0,7220.0
2019-11-18,14.5,10.0,7220.0
2019-11-19,14.6,7.142857142857142,7220.0
2019-11-20,14.8,39.230769230769226,7220.0
2019-11-21,15.1,7.777777777777778,7220.0
2019-11-22,14.7,6.538461538461537,7220.0
2019-11-25,14.9,3.333333333333333,7220.0
2019-11-26,15.0,13.322981366459627,7220.0
2019-11-27,15.0,6.363636363636362,7220.0
2019-11-28,15.0,3.333333333333333,7220.0
2019-11-29,14.8,11.958041958041957,7220.0
2019-12-02,14.9,8.486842105263158,7220.0
2019-12-03,14.7,6.363636363636362,7220.0
2019-12-04,14.7,9.965277777777775,7220.0
2019-12-05,14.8,20.225140712945596,7220.0
2019-12-06,15.0,7.841444270015699,7220.0
2019-12-09,14.9,8.888888888888891,7220.0
2019-12-10,15.0,6.534090909090909,7220.0
2019-12-11,20.9,29.042341574310885,7220.0
2019-12-12,22.2,15.725352112676058,7220.0
2019-12-13,19.4,7.1755725190839685,7220.0
2019-12-16,17.8,6.4444444444444455,7220.0
2019-12-17,20.7,23.699903478954216,7220.0
2019-12-18,20.5,6.226415094339623,7220.0
2019-12-19,20.6,7.5925925925925934,7220.0
2019-12-20,20.5,7.083333333333334,7220.0
2019-12-23,21.6,7.1764705882352935,7220.0
2019-12-24,22.3,7.59493670886076,7220.0
2019-12-25,23.3,7.0125,7220.0
2019-12-26,21.5,7.195121951219512,7220.0
2019-12-27,21.6,7.5,7220.0
2019-12-30,22.3,6.0606060606060606,7220.0
2020-01-03,22.0,6.153846153846153,7220.0
2020-01-06,20.8,9.44922547332186,7220.0
2020-01-08,21.7,7.012750455373406,7220.0
2020-01-09,22.3,6.8181818181818175,7220.0
2020-01-10,22.3,12.230769230769232,7220.0
2020-01-13,22.5,6.956521739130435,7220.0
2020-01-14,22.1,13.620071684587812,7220.0
2020-01-15,21.4,9.385245901639342,7220.0
2020-01-16,21.1,6.808510638297872,7220.0
2020-01-17,21.7,7.796308290155441,7220.0
2020-01-20,22.0,7.444461467749349,7220.0
2020-01-21,21.6,8.333333333333334,7220.0
2020-01-22,21.5,9.027266028002948,7220.0
2020-01-23,20.7,11.452054794520548,7220.0
2020-01-24,21.9,7.954545454545454,7220.0
2020-01-27,21.6,5.185185185185184,7220.0
2020-01-28,21.4,7.6923076923076925,7220.0
2020-01-29,21.6,6.875,7220.0
2020-01-30,21.6,27.97082228116712,7220.0
2020-01-31,22.3,6.363636363636362,7220.0
2020-02-03,22.0,6.0606060606060606,7220.0
2020-02-04,22.2,7.0,7220.0
2020-02-05,22.0,6.904761904761906,7220.0
2020-02-06,22.0,11.184792219274977,7220.0
2020-02-07,22.1,5.833333333333334,7220.0
2020-02-10,22.0,9.141274238227147,7220.0
2020-02-11,22.2,10.31111111111111,7220.0
2020-02-12,22.15,7.2727272727272725,7220.0
2020-02-13,22.1,6.9789473684210535,7220.0
2020-02-14,22.0,8.333333333333334,7220.0
2020-02-17,21.85,10.788709007887089,7220.0
2020-02-18,21.4,6.0,7220.0
2020-02-19,21.7,8.442982456140351,7220.0
2020-02-20,21.7,6.875,7220.0
2020-02-21,21.6,12.54346746150025,7220.0
2020-02-25,21.35,4.615384615384616,7220.0
2020-02-26,20.85,18.046511627906977,7220.0
2020-02-27,19.4,7.720287881735071,7220.0
2020-02-28,17.6,5.2083932164415065,7220.0
2020-03-02,18.25,6.0,7220.0
2020-03-03,18.45,5.0,7220.0
2020-03-04,18.15,7.1986417657045845,7220.0
2020-03-05,17.75,8.625336927223719,7220.0
2020-03-06,17.25,5.592105263157894,7220.0
2020-03-10,16.45,11.61387631975867,7220.0
2020-03-11,16.7,7.647058823529411,7220.0
2020-03-12,15.05,20.304878048780488,7220.0
2020-03-13,15.1,6.486486486486488,7220.0
2020-03-16,14.6,6.571428571428571,7220.0
2020-03-17,14.4,5.524537173082575,7220.0
2020-03-18,14.8,6.506730351715153,7220.0
2020-03-19,14.9,7.894736842105264,7220.0
2020-03-20,15.6,8.428093645484951,7220.0
2020-03-23,15.4,8.333333333333334,7220.0
2020-03-24,16.4,8.42105263157895,7220.0
2020-03-25,16.5,0.0,7220.0
2020-03-26,16.5,0.0,7220.0
2020-03-27,16.3,0.0,7220.0
2020-03-30,15.95,0.0,7220.0
2020-03-31,16.0,0.0,7220.0
2020-04-01,15.7,0.0,7220.0
2020-04-02,15.5,0.0,7220.0
2020-04-03,15.6,0.0,7220.0
